<?xml version="1.0" encoding="UTF-8"?>

<!-- $Id: standard-jaxws-endpoint-config.xml 2631 2007-03-16 19:18:35Z thomas.diesler@jboss.com $ -->

<jaxws-config xmlns="urn:jboss:jaxws-config:2.0" xmlns:xsi="http://www.w3.org/2001/XMLSchema-instance" xmlns:javaee="http://java.sun.com/xml/ns/javaee"
              xsi:schemaLocation="urn:jboss:jaxws-config:2.0 jaxws-config_2_0.xsd">

   <endpoint-config>
      <config-name>Standard Endpoint</config-name>
   </endpoint-config>

   <endpoint-config>
      <config-name>Standard WSAddressing Endpoint</config-name>
      <post-handler-chains>
         <javaee:handler-chain>
            <javaee:protocol-bindings>##SOAP11_HTTP</javaee:protocol-bindings>
            <javaee:handler>
               <javaee:handler-name>WSAddressing Handler</javaee:handler-name>
               <javaee:handler-class>org.jboss.ws.extensions.addressing.jaxws.WSAddressingServerHandler</javaee:handler-class>
            </javaee:handler>
         </javaee:handler-chain>
      </post-handler-chains>
   </endpoint-config>

   <endpoint-config>
      <config-name>Standard WSSecurity Endpoint</config-name>
      <post-handler-chains>
         <javaee:handler-chain>
            <javaee:protocol-bindings>##SOAP11_HTTP</javaee:protocol-bindings>
            <javaee:handler>
               <javaee:handler-name>WSSecurity Handler</javaee:handler-name>
               <javaee:handler-class>org.jboss.ws.extensions.security.jaxws.WSSecurityHandlerServer</javaee:handler-class>
            </javaee:handler>
         </javaee:handler-chain>
      </post-handler-chains>
   </endpoint-config>

</jaxws-config>
